"Term","SumOfSqs","Proportion","timepoint"
"treat.rn",3.01927585795399,0.299263033758009,"TP1"
"Species",0.738335457443938,0.0731819546543557,"TP1"
"Residual",6.33142581036833,0.627555011587636,"TP1"
"treat.rn",1.87357384478485,0.222375371021185,"TP2"
"Species",0.904396097866056,0.107343203137089,"TP2"
"Residual",5.64730591492756,0.670281425841726,"TP2"
