"Term","SumOfSqs","Proportion","timepoint"
"treat.rn",2.99557462040172,0.29610112878409,"TP1"
"Species",0.756470663053029,0.0747742405402049,"TP1"
"Residual",6.3646828516346,0.629124630675705,"TP1"
"treat.rn",1.86876747360895,0.221681304380838,"TP2"
"Species",0.899389804107458,0.106689520091192,"TP2"
"Residual",5.66181600680783,0.67162917552797,"TP2"
