"Term","SumOfSqs","Proportion","timepoint"
"treat.rn",3.01439690843059,0.298019907492105,"TP1"
"Species",0.750863785319789,0.0742345360076287,"TP1"
"Residual",6.34948947108699,0.627745556500266,"TP1"
"treat.rn",1.88342357298535,0.22277901131289,"TP2"
"Species",0.903892130121452,0.106916042663084,"TP2"
"Residual",5.66690788773277,0.670304946024026,"TP2"
