"Sum Sq","Df","F value","Pr(>F)","metric","term"
10.8994729168211,1,961.250882765809,2.59202201993841e-34,"Shannon","(Intercept)"
0.658917967886606,24,2.42131539729378,0.00419525655824411,"Shannon","species_treat"
0.566942153824612,50,NA,NA,"Shannon","Residuals"
6.53607519304852,1,8.25288952358696,0.00595619807068296,"InvSimpson.c","(Intercept)"
32.2650152251785,24,1.69749938014185,0.0574482516615323,"InvSimpson.c","species_treat"
39.5987076669829,50,NA,NA,"InvSimpson.c","Residuals"
