"Df","SumOfSqs","R2","F","Pr(>F)","timepoint"
6,3.019275857954,0.299263033758009,4.29184255418214,0.001,"TP1"
2,0.738335457443931,0.073181954654355,3.14858895106068,0.001,"TP1"
54,6.33142581036834,0.627555011587636,NA,NA,"TP1"
62,10.0890371257663,1,NA,NA,"TP1"
6,1.87357384478485,0.222375371021186,2.98587766575417,0.001,"TP2"
2,0.904396097866057,0.107343203137089,4.32395464496398,0.001,"TP2"
54,5.64730591492755,0.670281425841726,NA,NA,"TP2"
62,8.42527585757845,1,NA,NA,"TP2"
