"Df","SumOfSqs","R2","F","Pr(>F)","timepoint"
6,3.01439690843059,0.298019907492105,4.27271708999792,0.001,"TP1"
2,0.750863785319789,0.0742345360076287,3.19290586998384,0.001,"TP1"
54,6.349489471087,0.627745556500266,NA,NA,"TP1"
62,10.1147501648374,1,NA,NA,"TP1"
6,1.88342357298535,0.22277901131289,2.99119246204122,0.001,"TP2"
2,0.903892130121452,0.106916042663084,4.30659682436505,0.001,"TP2"
54,5.66690788773277,0.670304946024026,NA,NA,"TP2"
62,8.45422359083957,1,NA,NA,"TP2"
